{
	"class_name" : "PinholeCameraParameters",
	"extrinsic" : 
	[
		-0.67892597748973382,
		0.20279129183999603,
		-0.7056452430531045,
		0.0,
		0.73392212611043006,
		0.16069206258096541,
		-0.65995179659504,
		0.0,
		-0.020440887826984444,
		-0.9659470756606392,
		-0.25793103172651405,
		0.0,
		1.2011782870749526,
		-0.36565394771494336,
		1.4391387643239999,
		1.0
	],
	"intrinsic" : 
	{
		"height" : 1001,
		"intrinsic_matrix" : 
		[
			500.50000000000006,
			0.0,
			0.0,
			0.0,
			500.50000000000006,
			0.0,
			959.5,
			500.0,
			1.0
		],
		"width" : 1920
	},
	"version_major" : 1,
	"version_minor" : 0
}